"Video time","Timecode","Clip start","Clip end","Match minute","Event","Player","Assist / coming on","Position","Pitch spot"
"","","","","","Formation","4-4-1-1","","",""
"","","","","","Starting XI","#23 Yeli Dinmore","","GK","GK"
"","","","","","Starting XI","#69 Joanne Binns","","RB","R8C6"
"","","","","","Starting XI","#18 Hayley Kinnald","","CB","R8C4"
"","","","","","Starting XI","#4 Laura Birch","","CB","R8C2"
"","","","","","Starting XI","#11 Libby Bush","","LB","R8C0"
"","","","","","Starting XI","#8 Catherine Devanny","","RM","R5C6"
"","","","","","Starting XI","#12 Jennifer Birch","","RCM","R5C4"
"","","","","","Starting XI","#28 Alice Wilson","","CM","R5C2"
"","","","","","Starting XI","#10 Lindsay Stagg","","LM","R5C0"
"","","","","","Starting XI","#32 Suzanne Redshaw","","CAM","R3C3"
"","","","","","Starting XI","#37 Madison Green","","ST","R1C3"
"","","","","","Bench","#19 Ella Williamson","","ST",""
"","","","","","Bench","#6 Philipa Kirby","","LM",""
"","","","","","Bench","#14 Sophie Horner","","CM",""
"","","","","","Bench","#24 Olivia Fall","","CM",""
"0:14:00","01:14:00:00","","","","Kick-off","","","",""
"0:24:30","01:24:30:00","0:24:20","0:24:35","11'","Opposition goal","","","",""
"0:38:30","01:38:30:00","0:38:20","0:38:35","25'","Sub","#37 Madison","#19 Ella","",""
"0:51:30","01:51:30:00","0:51:20","0:51:35","38'","Sub","#28 Alice","#24 Olivia","",""
"0:51:30","01:51:30:00","0:51:20","0:51:35","38'","Sub","#8 Catherine","#14 Sophie","",""
"1:06:50","02:06:50:00","","","","Half time","","","",""
"1:08:03","02:08:03:00","","","","2nd half kick-off","","","",""
"1:13:33","02:13:33:00","1:13:23","1:13:38","51'","Opposition goal","","","",""
"1:27:33","02:27:33:00","1:27:23","1:27:38","65'","Opposition goal","","","",""
"1:52:33","02:52:33:00","1:52:23","1:52:38","90'","Opposition goal","","","",""
"1:53:57","02:53:57:00","","","","Full time","","","",""