"Clock time","Video time","Timecode","Clip start","Clip end","Match minute","Event","Player","Assist / coming on","Position","Pitch spot"
"","","","","","","Opponent","Skipton FC Women Development","","",""
"","","","","","","Home or away","Away","","",""
"","","","","","","Kick-off","2026-09-20 14:00","","",""
"","","","","","","Competition","West Riding County Womens Football League - Division 4","","",""
"","","","","","","Opponent shirt","#EADFDF","","",""
"","","","","","","Opponent crest","https://footy4all.com/uploads/opposition/club_1791318932.jpg","","",""
"","","","","","","Formation","4-2-3-1","","",""
"","","","","","","Starting XI","#1 Kayleigh Bow","","GK","GK"
"","","","","","","Starting XI","#18 Hayley Kinnald","","CB","R8C4"
"","","","","","","Starting XI","#4 Laura Birch","","CB","R8C2"
"","","","","","","Starting XI","#69 Joanne Binns","","RB","R7C6"
"","","","","","","Starting XI","#28 Alice Wilson","","LB","R7C0"
"","","","","","","Starting XI","#12 Jennifer Birch","","CDM","R6C4"
"","","","","","","Starting XI","#24 Olivia Fall","","CDM","R6C2"
"","","","","","","Starting XI","#32 Suzanne Redshaw","","CAM","R3C3"
"","","","","","","Starting XI","#37 Madison Green","","RW","R2C6"
"","","","","","","Starting XI","#7 Mary-Kate Connolly","","LW","R2C0"
"","","","","","","Starting XI","#19 Ella Williamson","","ST","R1C3"
"","","","","","","Bench","#9 Maddy Rodd","","ST",""
"","","","","","","Bench","#5 Morgan Myers","","CDM",""
"","","","","","","Bench","#14 Sophie Horner","","CAM",""
"","","","","","","Bench","#6 Philipa Kirby","","LW",""
"2026-09-20 13:59:29.000","","","","","","Kick-off","","","",""
"","","","","","4'","Opposition goal","","","",""
"","","","","","18'","Opposition goal","","","",""
"","","","","","18'","Sub","#12 Jennifer","#5 Morgan","",""
"","","","","","24'","Sub","#19 Ella","#9 Maddy","",""
"","","","","","29'","Sub","#7 Mary-Kate","#19 Ella","",""
"","","","","","29'","Sub","#28 Alice","#12 Jennifer","",""
"","","","","","35'","Sub","#24 Olivia","#14 Sophie","",""
"","","","","","39'","Opposition goal","","","",""
"2026-09-20 14:44:17.000","","","","","","Half time","","","",""
"2026-09-20 14:49:59.000","","","","","","2nd half kick-off","","","",""
"","","","","","51'","Goal","#9 Maddy","","",""
"","","","","","55'","Opposition goal","","","",""
"","","","","","56'","Sub","#37 Madison","#7 Mary-Kate","",""
"","","","","","56'","Sub","#19 Ella","#6 Philipa","",""
"","","","","","66'","Sub","#4 Laura","#28 Alice","",""
"","","","","","82'","Opposition goal","","","",""
"","","","","","83'","Sub","#32 Suzanne","#5 Morgan","",""
"","","","","","84'","Sub","#6 Philipa","#37 Madison","",""
"","","","","","84'","Opposition goal","","","",""
"2026-09-20 15:34:19.000","","","","","","Full time","","","",""